{
  "metadata": {
    "duration": 247.5064172335601,
    "filename": "/Users/kaustubh/Desktop/EchoInsight/data/raw/ben-techy-kein-gott-kein-schlaf-tg31.mp3"
  },
  "rhythm": {
    "tempo": 156.61
  },
  "timbre": {
    "rms_energy_mean": 0.38493457436561584,
    "spectral_centroid_mean": 4242.911225294146,
    "mfcc_mean": [
      -49.55964279174805,
      93.895751953125,
      -31.64549446105957,
      45.09839630126953,
      -19.006912231445312,
      40.57390594482422,
      -10.573782920837402,
      29.681610107421875,
      -7.681564807891846,
      21.028440475463867,
      -3.106726884841919,
      15.34583854675293,
      2.1112728118896484
    ],
    "spectral_bandwidth_mean": 4243.327594419866
  },
  "tonal": {
    "key": "D minor",
    "key_confidence": 0.3556711319384554,
    "chroma_mean": [
      0.6897053718566895,
      0.8075640201568604,
      0.6344696879386902,
      0.7691361308097839,
      0.7418079376220703,
      0.7631521821022034,
      0.6454477310180664,
      0.7698144316673279,
      0.7040058970451355,
      0.7446549534797668,
      0.8442174792289734,
      0.8749764561653137
    ],
    "tuning_offset": 0.20000000000000007
  },
  "structure": {
    "segments": []
  },
  "intelligence": {},
  "stem": {}
}