{
  "metadata": {
    "duration": 289.0,
    "filename": "/Users/kaustubh/Desktop/EchoInsight/data/raw/br3ath3.mp3"
  },
  "rhythm": {
    "tempo": 103.36
  },
  "timbre": {
    "rms_energy_mean": 0.3354644179344177,
    "spectral_centroid_mean": 2693.85046806727,
    "mfcc_mean": [
      -98.44221496582031,
      138.0330047607422,
      -38.08265686035156,
      44.09587860107422,
      -14.538660049438477,
      32.09377670288086,
      3.2975685596466064,
      14.142107963562012,
      -1.216339349746704,
      0.09798390418291092,
      0.1125982478260994,
      2.34930682182312,
      4.162696361541748
    ],
    "spectral_bandwidth_mean": 2902.0588207853402
  },
  "tonal": {
    "key": "A major",
    "key_confidence": 0.46677664581781614,
    "chroma_mean": [
      0.522757351398468,
      0.42168840765953064,
      0.5311001539230347,
      0.6134719252586365,
      0.5011619329452515,
      0.532867431640625,
      0.5890876054763794,
      0.709431529045105,
      0.7338159084320068,
      0.5160660147666931,
      0.48529207706451416,
      0.4428008794784546
    ],
    "tuning_offset": 0.050000000000000044
  },
  "structure": {
    "segments": []
  },
  "intelligence": {},
  "stem": {}
}