{
  "metadata": {
    "duration": 251.29333333333332,
    "filename": "/Users/kaustubh/Desktop/EchoInsight/data/raw/SpotiDownloader.com - Doin' it Right (feat. Panda Bear) - Daft Punk.mp3"
  },
  "rhythm": {
    "tempo": 89.1
  },
  "timbre": {
    "rms_energy_mean": 0.22379162907600403,
    "spectral_centroid_mean": 2286.9026740984336,
    "mfcc_mean": [
      -171.44277954101562,
      144.07078552246094,
      -13.868583679199219,
      13.802677154541016,
      11.000170707702637,
      15.219404220581055,
      -3.081395149230957,
      9.404757499694824,
      5.825209617614746,
      3.7708871364593506,
      2.2463183403015137,
      11.630816459655762,
      -1.1136184930801392
    ],
    "spectral_bandwidth_mean": 3116.186718815247
  },
  "tonal": {
    "key": "E minor",
    "key_confidence": 0.9062090850020093,
    "chroma_mean": [
      0.19833065569400787,
      0.27092963457107544,
      0.17774365842342377,
      0.34118324518203735,
      0.1711927056312561,
      0.2175140529870987,
      0.2872329652309418,
      0.2730356752872467,
      0.5627421140670776,
      0.20184335112571716,
      0.2368774563074112,
      0.43022164702415466
    ],
    "tuning_offset": 0.020000000000000018
  },
  "structure": {
    "segments": []
  },
  "intelligence": {},
  "stem": {}
}