{
  "metadata": {
    "duration": 290.24,
    "filename": "/Users/kaustubh/Desktop/EchoInsight/data/raw/SpotiDownloader.com - Beyond - Daft Punk.mp3"
  },
  "rhythm": {
    "tempo": 103.36
  },
  "timbre": {
    "rms_energy_mean": 0.18155324459075928,
    "spectral_centroid_mean": 2511.0602409728754,
    "mfcc_mean": [
      -178.7476806640625,
      142.49197387695312,
      15.494324684143066,
      29.662872314453125,
      8.531717300415039,
      18.594112396240234,
      -0.15034300088882446,
      5.840719223022461,
      -0.09246763586997986,
      2.4410228729248047,
      -4.643073081970215,
      1.8777824640274048,
      -4.634902000427246
    ],
    "spectral_bandwidth_mean": 3543.4486381551433
  },
  "tonal": {
    "key": "E minor",
    "key_confidence": 0.9019083337608387,
    "chroma_mean": [
      0.34867408871650696,
      0.4727783203125,
      0.364698588848114,
      0.49955636262893677,
      0.5350184440612793,
      0.36174649000167847,
      0.43987053632736206,
      0.3701249957084656,
      0.6704074144363403,
      0.4101662039756775,
      0.38467884063720703,
      0.5002737641334534
    ],
    "tuning_offset": 0.010000000000000009
  },
  "structure": {
    "segments": []
  },
  "intelligence": {},
  "stem": {}
}