{
  "metadata": {
    "duration": 383.62666666666667,
    "filename": "/Users/kaustubh/Desktop/EchoInsight/data/raw/SpotiDownloader.com - Contact - Daft Punk.mp3"
  },
  "rhythm": {
    "tempo": 123.05
  },
  "timbre": {
    "rms_energy_mean": 0.2352144718170166,
    "spectral_centroid_mean": 2879.0394072418217,
    "mfcc_mean": [
      -105.14600372314453,
      146.23611450195312,
      -17.038450241088867,
      14.269248008728027,
      2.9779906272888184,
      14.124147415161133,
      1.7537636756896973,
      10.982168197631836,
      1.1845037937164307,
      7.803009510040283,
      -0.40079009532928467,
      7.423534393310547,
      -0.6324416399002075
    ],
    "spectral_bandwidth_mean": 3587.544622721624
  },
  "tonal": {
    "key": "F major",
    "key_confidence": 0.4830319804489575,
    "chroma_mean": [
      0.2851354777812958,
      0.3176340162754059,
      0.37901532649993896,
      0.296954870223999,
      0.41890087723731995,
      0.2578868269920349,
      0.39674755930900574,
      0.6458042860031128,
      0.5561221837997437,
      0.642974853515625,
      0.2924247980117798,
      0.4893520176410675
    ],
    "tuning_offset": 0.13
  },
  "structure": {
    "segments": []
  },
  "intelligence": {},
  "stem": {}
}