{
  "metadata": {
    "duration": 279.7733333333333,
    "filename": "/Users/kaustubh/Desktop/EchoInsight/data/raw/SpotiDownloader.com - Fragments of Time (feat. Todd Edwards) - Daft Punk.mp3"
  },
  "rhythm": {
    "tempo": 129.2
  },
  "timbre": {
    "rms_energy_mean": 0.22012090682983398,
    "spectral_centroid_mean": 2973.0214976421157,
    "mfcc_mean": [
      -160.28067016601562,
      127.94215393066406,
      28.344505310058594,
      38.05718994140625,
      11.30652141571045,
      20.921527862548828,
      1.8376189470291138,
      10.820513725280762,
      -0.5318365693092346,
      9.137843132019043,
      -2.2113094329833984,
      6.186152458190918,
      -3.5762064456939697
    ],
    "spectral_bandwidth_mean": 4027.8411780459714
  },
  "tonal": {
    "key": "D# minor",
    "key_confidence": 0.7013270226258198,
    "chroma_mean": [
      0.652202844619751,
      0.45677176117897034,
      0.5300154089927673,
      0.37829071283340454,
      0.45603352785110474,
      0.34945136308670044,
      0.2964252233505249,
      0.5458592176437378,
      0.42659515142440796,
      0.6318968534469604,
      0.44616931676864624,
      0.4628449082374573
    ],
    "tuning_offset": -0.03999999999999998
  },
  "structure": {
    "segments": []
  },
  "intelligence": {},
  "stem": {}
}