{
  "metadata": {
    "duration": 544.6266666666667,
    "filename": "/Users/kaustubh/Desktop/EchoInsight/data/raw/SpotiDownloader.com - Giorgio by Moroder - Daft Punk.mp3"
  },
  "rhythm": {
    "tempo": 112.35
  },
  "timbre": {
    "rms_energy_mean": 0.2036893516778946,
    "spectral_centroid_mean": 2394.841472876395,
    "mfcc_mean": [
      -184.5166015625,
      132.10702514648438,
      14.225465774536133,
      38.058868408203125,
      11.339704513549805,
      22.416187286376953,
      3.8590548038482666,
      9.27844524383545,
      3.0823001861572266,
      6.081658840179443,
      3.7999746799468994,
      3.029681921005249,
      -0.7845420837402344
    ],
    "spectral_bandwidth_mean": 3383.928952349657
  },
  "tonal": {
    "key": "G# minor",
    "key_confidence": 0.54004104403904,
    "chroma_mean": [
      0.44240602850914,
      0.3847696781158447,
      0.44585078954696655,
      0.4765179455280304,
      0.6547744870185852,
      0.541765570640564,
      0.5219201445579529,
      0.654457151889801,
      0.5877418518066406,
      0.6427901983261108,
      0.5072401762008667,
      0.5159133076667786
    ],
    "tuning_offset": 0.030000000000000027
  },
  "structure": {
    "segments": []
  },
  "intelligence": {},
  "stem": {}
}