{
  "metadata": {
    "duration": 369.62666666666667,
    "filename": "/Users/kaustubh/Desktop/EchoInsight/data/raw/SpotiDownloader.com - Get Lucky (feat. Pharrell Williams and Nile Rodgers) - Daft Punk.mp3"
  },
  "rhythm": {
    "tempo": 114.84
  },
  "timbre": {
    "rms_energy_mean": 0.2076258659362793,
    "spectral_centroid_mean": 3315.577211493893,
    "mfcc_mean": [
      -141.1118927001953,
      117.89032745361328,
      8.737276077270508,
      34.31220245361328,
      9.898782730102539,
      24.02330207824707,
      -1.9499781131744385,
      9.843367576599121,
      -1.5610111951828003,
      6.151988506317139,
      -1.5020004510879517,
      5.407962799072266,
      -3.6652863025665283
    ],
    "spectral_bandwidth_mean": 4215.126053594169
  },
  "tonal": {
    "key": "F# minor",
    "key_confidence": 0.6623094542764577,
    "chroma_mean": [
      0.5329959392547607,
      0.5875682830810547,
      0.6026308536529541,
      0.5084648132324219,
      0.5631287693977356,
      0.554902970790863,
      0.6527121067047119,
      0.5034219026565552,
      0.6935508251190186,
      0.6795091032981873,
      0.5752154588699341,
      0.6505985856056213
    ],
    "tuning_offset": 0.0
  },
  "structure": {
    "segments": []
  },
  "intelligence": {},
  "stem": {}
}